{
  "integrations": [
    {
      "id": "c8890633-ecb6-4e2e-a940-0ce6aaab1681",
      "name": "Update Zabbix",
      "action": "SEND_TO_IA",
      "type": "OUTBOUND_WEBHOOK",
      "triggeredBy": "RESPONSE",
      "deployed": false,
      "form": "df731011-c349-4b6f-8d49-9300e3be2c67",
      "environment": "ONPREMISE",
      "authType": "NONE",
      "createdBy": "IB"
    },
    {
      "id": "b1c48ff4-84e4-47fc-bc7f-60ed89b0a3a4",
      "name": "Zabbix Inbound",
      "action": "CREATE_EVENT",
      "type": "INBOUND_WEBHOOK",
      "deployed": true,
      "form": "df731011-c349-4b6f-8d49-9300e3be2c67",
      "script": "var data = JSON.parse(request.body);\nform.post(data);",
      "environment": "HOSTED",
      "authType": "BASIC",
      "createdBy": "IB"
    }
  ],
  "endpoints": [],
  "constants": []
}