[
  {
    "baseType": 3,
    "name": "event_id",
    "defaultValue": "",
    "description": "",
    "helpText": "",
    "isSystem": false,
    "minLength": 0,
    "maxLength": 200,
    "validationRegex": "",
    "isValidate": false,
    "uuid": "4a00b5fa-7351-4f21-a6f7-d414c22f423e"
  },
  {
    "baseType": 3,
    "name": "event_name",
    "defaultValue": "",
    "description": "",
    "helpText": "",
    "isSystem": false,
    "minLength": 0,
    "maxLength": 200,
    "validationRegex": "",
    "isValidate": false,
    "uuid": "efc67089-fa4a-407c-b3a3-1b0a159c6d1d"
  },
  {
    "baseType": 3,
    "name": "event_nseverity",
    "defaultValue": "",
    "description": "",
    "helpText": "",
    "isSystem": false,
    "minLength": 0,
    "maxLength": 200,
    "validationRegex": "",
    "isValidate": false,
    "uuid": "03a84575-265f-4759-b7c0-194b86767cf3"
  },
  {
    "baseType": 3,
    "name": "event_opdata",
    "defaultValue": "",
    "description": "",
    "helpText": "",
    "isSystem": false,
    "minLength": 0,
    "maxLength": 2000,
    "validationRegex": "",
    "isValidate": false,
    "uuid": "509d72e6-c937-44be-96c2-b6f7284d95f8"
  },
  {
    "baseType": 3,
    "name": "host_name",
    "defaultValue": "",
    "description": "",
    "helpText": "",
    "isSystem": false,
    "minLength": 0,
    "maxLength": 200,
    "validationRegex": "",
    "isValidate": false,
    "uuid": "906a4ea0-b55a-4970-b11c-52ecbd580dfc"
  }
]