{
  "name": "Zabbix Notification",
  "form": "a3485614-97ab-4c31-8cfd-b415d5104071",
  "blocks": [
    {
      "id": "d520663e-d97c-43de-bd9b-79e3ad461c43",
      "label": "Acknowledge",
      "environment": "HOSTED",
      "presentation": "{}",
      "step": "432d851f-387e-497b-8f64-15b8bda1a538",
      "stepType": "INTEGRATION"
    },
    {
      "id": "8d66c8f6-e0c8-473c-af64-fe9eb592d3a1",
      "label": "Escalate",
      "environment": "HOSTED",
      "presentation": "{}",
      "step": "8a81547e-db85-41d9-ae61-d361f207ef71",
      "stepType": "INTEGRATION"
    },
    {
      "id": "08ba3d22-61e4-479f-bad3-0d3590308bd7",
      "label": "Get Events",
      "environment": "HOSTED",
      "presentation": "{\"w\":60,\"x\":340,\"h\":60,\"y\":234}",
      "step": "f36cf6ba-2225-5cb3-831f-030a05527c72",
      "stepType": "SCRIPT_STEP",
      "inputMappings": [
        {
          "inputPort": "input",
          "mapping": "ACTIVE",
          "stepInput": "fa86536b-3508-56de-884b-503596bd64c2"
        },
        {
          "inputPort": "input",
          "mapping": "FALSE",
          "stepInput": "3bb89cc9-b89f-5291-9c54-1da7bc6c051a"
        },
        {
          "inputPort": "input",
          "mapping": "Zabbix Notification",
          "stepInput": "a6262279-d10d-5708-a7b9-1734f8c52ec2"
        }
      ]
    },
    {
      "id": "0047d492-473e-45e0-acf5-774dc3cc46e4",
      "label": "Responses",
      "environment": "HOSTED",
      "presentation": "{\"w\":100,\"x\":0,\"h\":50,\"y\":553}",
      "stepType": "RESPONSES"
    },
    {
      "id": "cc1974e0-7abc-4ca5-9765-2a5f34e6eebc",
      "label": "Switch",
      "environment": "HOSTED",
      "presentation": "{\"w\":60,\"x\":170,\"h\":60,\"y\":0}",
      "stepType": "SWITCH",
      "inputMappings": [
        {
          "inputPort": "input",
          "mapping": "${f9c2bf6a-cf82-453a-9c10-bc4691d60753.event_value}"
        }
      ],
      "switchCases": [
        {
          "caseId": "f601865e-bca0-4320-9f6b-3238b6337bf7",
          "caseValue": "1"
        }
      ]
    },
    {
      "id": "1bc611be-33c5-4fd2-a036-721999a9e2a5",
      "label": "Switch",
      "environment": "HOSTED",
      "presentation": "{\"w\":60,\"x\":510,\"h\":60,\"y\":85}",
      "stepType": "SWITCH",
      "inputMappings": [
        {
          "inputPort": "input",
          "mapping": "${08ba3d22-61e4-479f-bad3-0d3590308bd7.Total Event Count}"
        }
      ],
      "switchCases": [
        {
          "caseId": "45dcadc5-8ea9-474e-a0df-fd8d3ec9a4bf",
          "caseValue": "0"
        }
      ]
    },
    {
      "id": "e0585c58-c823-44dd-8a10-a9aee24928e6",
      "label": "Terminate Events",
      "environment": "HOSTED",
      "presentation": "{\"w\":60,\"x\":680,\"h\":60,\"y\":234}",
      "step": "798e3053-b4b4-5e8c-ba84-8a11c3be6237",
      "stepType": "SCRIPT_STEP",
      "inputMappings": [
        {
          "inputPort": "input",
          "mapping": "${08ba3d22-61e4-479f-bad3-0d3590308bd7.Event IDs}",
          "stepInput": "4fdf2591-4925-5682-8911-f0163d7f98dd"
        }
      ]
    },
    {
      "id": "43aa21a5-7af6-4092-8069-5322bce768ed",
      "endpoint": "Zabbix",
      "label": "Zabbix - Acknowledge Event",
      "environment": "ONPREMISE",
      "presentation": "{\"w\":60,\"x\":170,\"h\":60,\"y\":728}",
      "step": "4c2e1324-06dc-422c-b512-d5e0b2835d03",
      "stepType": "SCRIPT_STEP",
      "inputMappings": [
        {
          "inputPort": "input",
          "mapping": "xMatters",
          "stepInput": "0a909c92-dee0-4f41-bf98-9c366738eeb8"
        },
        {
          "inputPort": "input",
          "mapping": "${constants.Zabbix Password}",
          "stepInput": "1c1925a0-1f53-49c7-a9f7-530d9e53421f"
        },
        {
          "inputPort": "input",
          "mapping": "${event.properties.event_id}",
          "stepInput": "20fe3c18-7543-456f-824a-fdf200ccd3f6"
        },
        {
          "inputPort": "input",
          "mapping": "false",
          "stepInput": "fb0dfd95-ba50-4503-ba09-1fde4b9e24a6"
        },
        {
          "inputPort": "input",
          "mapping": "true",
          "stepInput": "5aba5a17-5a66-41bd-97d0-ebe62baa3430"
        }
      ]
    },
    {
      "id": "1ab148f2-0f36-4e49-9d75-100064988f9a",
      "label": "Zabbix Notification - Inbound from Zabbix",
      "environment": "HOSTED",
      "presentation": "{\"w\":60,\"x\":0,\"h\":60,\"y\":149}",
      "step": "0433b0b8-7fa8-4b80-b0c8-28508b557c3a",
      "stepType": "INTEGRATION"
    },
    {
      "id": "1f10a0ab-2747-480f-af44-03e675b0cc9f",
      "label": "xMatters Create Event - Zabbix Notification",
      "environment": "HOSTED",
      "presentation": "{\"w\":60,\"x\":340,\"h\":60,\"y\":64}",
      "step": "a3485614-97ab-4c31-8cfd-b415d5104071",
      "stepType": "CREATE_EVENT",
      "inputMappings": [
        {
          "inputPort": "input",
          "mapping": "${1ab148f2-0f36-4e49-9d75-100064988f9a.host_name}",
          "sectionItemKey": "906a4ea0-b55a-4970-b11c-52ecbd580dfc"
        },
        {
          "inputPort": "input",
          "mapping": "${1ab148f2-0f36-4e49-9d75-100064988f9a.alert_sendto}",
          "sectionItemKey": "recipients"
        },
        {
          "inputPort": "input",
          "mapping": "${1ab148f2-0f36-4e49-9d75-100064988f9a.trigger_description}",
          "sectionItemKey": "061cb14c-9634-48b0-8fb8-8c6683fbff46"
        },
        {
          "inputPort": "input",
          "mapping": "${1ab148f2-0f36-4e49-9d75-100064988f9a.event_opdata}",
          "sectionItemKey": "509d72e6-c937-44be-96c2-b6f7284d95f8"
        },
        {
          "inputPort": "input",
          "mapping": "${1ab148f2-0f36-4e49-9d75-100064988f9a.event_name}",
          "sectionItemKey": "efc67089-fa4a-407c-b3a3-1b0a159c6d1d"
        },
        {
          "inputPort": "input",
          "mapping": "${1ab148f2-0f36-4e49-9d75-100064988f9a.host_ip}",
          "sectionItemKey": "ae7ad811-79c7-401f-9a5f-85996057fe6c"
        },
        {
          "inputPort": "input",
          "mapping": "${1ab148f2-0f36-4e49-9d75-100064988f9a.event_nseverity}",
          "sectionItemKey": "03a84575-265f-4759-b7c0-194b86767cf3"
        },
        {
          "inputPort": "input",
          "mapping": "${1ab148f2-0f36-4e49-9d75-100064988f9a.event_id}",
          "sectionItemKey": "4a00b5fa-7351-4f21-a6f7-d414c22f423e"
        }
      ]
    }
  ],
  "edges": [
    {
      "fromBlock": "cc1974e0-7abc-4ca5-9765-2a5f34e6eebc",
      "fromPort": "output",
      "toBlock": "08ba3d22-61e4-479f-bad3-0d3590308bd7",
      "toPort": "input"
    },
    {
      "fromBlock": "cc1974e0-7abc-4ca5-9765-2a5f34e6eebc",
      "fromPort": "f601865e-bca0-4320-9f6b-3238b6337bf7",
      "toBlock": "1f10a0ab-2747-480f-af44-03e675b0cc9f",
      "toPort": "input"
    },
    {
      "fromBlock": "d520663e-d97c-43de-bd9b-79e3ad461c43",
      "fromPort": "output",
      "toBlock": "43aa21a5-7af6-4092-8069-5322bce768ed",
      "toPort": "input"
    },
    {
      "fromBlock": "08ba3d22-61e4-479f-bad3-0d3590308bd7",
      "fromPort": "output",
      "toBlock": "1bc611be-33c5-4fd2-a036-721999a9e2a5",
      "toPort": "input"
    },
    {
      "fromBlock": "1ab148f2-0f36-4e49-9d75-100064988f9a",
      "fromPort": "output",
      "toBlock": "cc1974e0-7abc-4ca5-9765-2a5f34e6eebc",
      "toPort": "input"
    },
    {
      "fromBlock": "1bc611be-33c5-4fd2-a036-721999a9e2a5",
      "fromPort": "output",
      "toBlock": "e0585c58-c823-44dd-8a10-a9aee24928e6",
      "toPort": "input"
    }
  ]
}