[
  {
    "baseType": 3,
    "name": "EVENT.ID",
    "defaultValue": "",
    "description": "",
    "helpText": "",
    "isSystem": false,
    "minLength": 0,
    "maxLength": 30,
    "validationRegex": "",
    "isValidate": false,
    "uuid": "19523b5c-e15b-4ca8-a6c3-a00788143ae3"
  },
  {
    "baseType": 3,
    "name": "HOST.CONN1",
    "defaultValue": "",
    "description": "",
    "helpText": "",
    "isSystem": false,
    "minLength": 0,
    "maxLength": 100,
    "validationRegex": "",
    "isValidate": false,
    "uuid": "cd3353dd-b2a5-4cee-9e22-6329afa6e653"
  },
  {
    "baseType": 3,
    "name": "HOST.DESCRIPTION1",
    "defaultValue": "",
    "description": "",
    "helpText": "",
    "isSystem": false,
    "minLength": 0,
    "maxLength": 300,
    "validationRegex": "",
    "isValidate": false,
    "uuid": "a414b9b1-7b66-4f74-94fc-82ce3155f5d6"
  },
  {
    "baseType": 3,
    "name": "HOST.IP1",
    "defaultValue": "",
    "description": "",
    "helpText": "",
    "isSystem": false,
    "minLength": 0,
    "maxLength": 30,
    "validationRegex": "",
    "isValidate": false,
    "uuid": "292f1f17-8690-4ec3-b8f3-aaa52de2ef93"
  },
  {
    "baseType": 3,
    "name": "HOST.NAME1",
    "defaultValue": "",
    "description": "",
    "helpText": "",
    "isSystem": false,
    "minLength": 0,
    "maxLength": 100,
    "validationRegex": "",
    "isValidate": false,
    "uuid": "5e027e1c-92ea-4ad2-a328-8bb31b244cad"
  },
  {
    "baseType": 3,
    "name": "ITEM.DESCRIPTION1",
    "defaultValue": "",
    "description": "",
    "helpText": "",
    "isSystem": false,
    "minLength": 0,
    "maxLength": 300,
    "validationRegex": "",
    "isValidate": false,
    "uuid": "5d49eb5c-3e09-48f1-b940-3d4879c742d2"
  },
  {
    "baseType": 3,
    "name": "ITEM.ID1",
    "defaultValue": "",
    "description": "",
    "helpText": "",
    "isSystem": false,
    "minLength": 0,
    "maxLength": 30,
    "validationRegex": "",
    "isValidate": false,
    "uuid": "ac2cdd87-be1d-4638-a848-4b37933ee1f6"
  },
  {
    "baseType": 3,
    "name": "ITEM.KEY1",
    "defaultValue": "",
    "description": "",
    "helpText": "",
    "isSystem": false,
    "minLength": 0,
    "maxLength": 60,
    "validationRegex": "",
    "isValidate": false,
    "uuid": "6ba33f17-3425-4dc5-9ccc-3cf3af0fb230"
  },
  {
    "baseType": 3,
    "name": "ITEM.NAME1",
    "defaultValue": "",
    "description": "",
    "helpText": "",
    "isSystem": false,
    "minLength": 0,
    "maxLength": 60,
    "validationRegex": "",
    "isValidate": false,
    "uuid": "79b2c941-a0ab-4138-bcdd-b2d5f98514df"
  },
  {
    "baseType": 3,
    "name": "ITEM.VALUE1",
    "defaultValue": "",
    "description": "",
    "helpText": "",
    "isSystem": false,
    "minLength": 0,
    "maxLength": 30,
    "validationRegex": "",
    "isValidate": false,
    "uuid": "57d84c29-ea3a-42a8-a635-5f348019d57b"
  },
  {
    "baseType": 3,
    "name": "TRIGGER.NAME",
    "defaultValue": "",
    "description": "",
    "helpText": "",
    "isSystem": false,
    "minLength": 0,
    "maxLength": 100,
    "validationRegex": "",
    "isValidate": false,
    "uuid": "eee9d28e-be69-486b-9d26-0741f46d9f08"
  },
  {
    "baseType": 3,
    "name": "TRIGGER.SEVERITY",
    "defaultValue": "",
    "description": "",
    "helpText": "",
    "isSystem": false,
    "minLength": 0,
    "maxLength": 50,
    "validationRegex": "",
    "isValidate": false,
    "uuid": "da2eaa9a-4330-4a17-a304-00d85d1fdd1c"
  },
  {
    "baseType": 3,
    "name": "TRIGGER.STATUS",
    "defaultValue": "",
    "description": "",
    "helpText": "",
    "isSystem": false,
    "minLength": 0,
    "maxLength": 50,
    "validationRegex": "",
    "isValidate": false,
    "uuid": "7ea56e66-ff2d-47b2-bac9-89b728efd16d"
  },
  {
    "baseType": 3,
    "name": "TRIGGER.URL",
    "defaultValue": "",
    "description": "",
    "helpText": "",
    "isSystem": false,
    "minLength": 0,
    "maxLength": 300,
    "validationRegex": "",
    "isValidate": false,
    "uuid": "35ab9603-d1cb-4651-84e7-74485acaef18"
  }
]