{
  "integrations": [
    {
      "id": "432d851f-387e-497b-8f64-15b8bda1a538",
      "name": "Zabbix Notification - Acknowledge",
      "action": "RUN_SCRIPT",
      "type": "OUTBOUND_WEBHOOK",
      "triggeredBy": "RESPONSE",
      "responseChoice": "Acknowledge",
      "deployed": true,
      "form": "a3485614-97ab-4c31-8cfd-b415d5104071",
      "environment": "HOSTED",
      "authType": "NONE",
      "createdBy": "FLOW"
    },
    {
      "id": "8a81547e-db85-41d9-ae61-d361f207ef71",
      "name": "Zabbix Notification - Escalate",
      "action": "RUN_SCRIPT",
      "type": "OUTBOUND_WEBHOOK",
      "triggeredBy": "RESPONSE",
      "responseChoice": "Escalate",
      "deployed": true,
      "form": "a3485614-97ab-4c31-8cfd-b415d5104071",
      "environment": "HOSTED",
      "authType": "NONE",
      "createdBy": "FLOW"
    },
    {
      "id": "0433b0b8-7fa8-4b80-b0c8-28508b557c3a",
      "name": "Zabbix Notification - Inbound from Zabbix",
      "action": "RUN_SCRIPT",
      "type": "INBOUND_WEBHOOK",
      "deployed": true,
      "form": "a3485614-97ab-4c31-8cfd-b415d5104071",
      "environment": "HOSTED",
      "authType": "ANY",
      "createdBy": "FLOW",
      "integrationScriptStepUuid": "4fc66611-d4b5-4f0c-a44e-787638aa2da4"
    }
  ],
  "endpoints": [
    {
      "name": "Zabbix",
      "baseUrl": "http://127.0.0.1/zabbix/api_jsonrpc.php",
      "type": "EXTERNAL",
      "authentication": "NO_AUTH"
    }
  ],
  "constants": [
    {
      "name": "Zabbix Password",
      "value": "<password>",
      "description": "Password for Zabbix API user"
    }
  ]
}