[
  {
    "id": "4fc66611-d4b5-4f0c-a44e-787638aa2da4",
    "name": "Inbound from Zabbix",
    "description": "",
    "icon": "https://s3-xmatters-static.s3.amazonaws.com/null/customers/aa4ff4cd-06da-460c-b2d0-bb34ad66da69/IMAGE__20200522173827790__zabbix.png",
    "script": "var payload = JSON.parse(request.body);\nconsole.log(payload);\noutput['json'] = payload.fields;\noutput['event_id'] = payload.fields.event_id;\noutput['event_name'] = payload.fields.event_name;\noutput['event_opdata'] = payload.fields.event_opdata;\noutput['event_nseverity'] = payload.fields.event_nseverity;\noutput['host_name'] = payload.fields.host_name;\noutput['event_value'] = payload.fields.event_value;\noutput['alert_sendto'] = payload.fields.alert_sendto;",
    "allowedEnvironment": "HOSTED",
    "accessibleByAll": "NotShared",
    "triggerAuthType": "URL_AUTH",
    "scriptStepType": "CUSTOM_HTTP",
    "inputs": [],
    "outputs": [
      {
        "id": "b1ba51a4-d72a-4243-8071-735b427a2ca5",
        "name": "json",
        "position": 0
      },
      {
        "id": "dced2bbd-1895-496d-8e50-6390b6f6cd4c",
        "name": "event_id",
        "position": 1
      },
      {
        "id": "42b0148d-1506-4e6b-a28b-ffda1d0ce229",
        "name": "event_name",
        "position": 2
      },
      {
        "id": "cc5dd919-a5a7-4c42-b210-db52068d2e9d",
        "name": "event_opdata",
        "position": 3
      },
      {
        "id": "bda26819-371a-4323-ab69-7bd0838f11cb",
        "name": "event_nseverity",
        "position": 4
      },
      {
        "id": "8a251b90-960a-4034-bbcf-46884feecd42",
        "name": "host_name",
        "position": 5
      },
      {
        "id": "2c04697a-66d6-4f21-bb42-32cb35380c71",
        "name": "event_value",
        "position": 6
      },
      {
        "id": "0ec716dc-eb70-4b60-8ad2-c0c1071c0c0c",
        "name": "alert_sendto",
        "position": 7
      }
    ],
    "libraries": []
  },
  {
    "id": "4c2e1324-06dc-422c-b512-d5e0b2835d03",
    "name": "Zabbix - Acknowledge Event",
    "description": "Acknowledges an event in Zabbix.",
    "icon": "https://s3-xmatters-static.s3.amazonaws.com/null/customers/aa4ff4cd-06da-460c-b2d0-bb34ad66da69/IMAGE__20200522173827790__zabbix.png",
    "script": "var zabbixRequest = http.request({\n        'endpoint': 'Zabbix',\n        'method': 'POST',\n        'path': '',\n        'headers': {\n            'Content-Type': 'application/json-rpc'\n        }\n    });\n\nvar loginReqBody = {\n    \"jsonrpc\": \"2.0\",\n    \"method\": \"user.login\",\n    \"params\": {\n        \"user\": input['Username'],\n        \"password\": input['Password']\n    },\n    \"id\": 1,\n    \"auth\": null\n}\n\nvar eventReqBody = {\n\t\"jsonrpc\": \"2.0\",\n\t\"method\": \"event.acknowledge\",\n\t\"params\": {\n\t\t\"eventids\": null,\n\t\t\"message\": null,\n\t\t\"action\": 0\n\t},\n\t\"id\": 1,\n\t\"auth\": null\n}\n\nvar action = 0;\n\neventReqBody.params.eventids = input['Eventids'];\neventReqBody.params.message = (typeof(input['Message']) === \"undefined\") ? null : input['Message'];\neventReqBody.params.severity = (typeof(input['Change Severity']) === \"undefined\") ? null : input['Change Severity'];\nvar toClose = input['Close Problem'] == \"true\";\nvar toAck = input['Acknowledge'] == \"true\";\n\nif (toClose) {\n    action += 1;\n}\n\nif (toAck) {\n    action += 2;\n}\n\nif (eventReqBody.params.message !== null) {\n    action += 4;\n}\n\nif (eventReqBody.params.severity !== null) {\n    action += 8;\n}\n\neventReqBody.params.action = action;\n\nloginResp = zabbixRequest.write(loginReqBody);\nvar auth;\nif (loginResp.statusCode >= 200 && loginResp.statusCode < 300) {\n    console.log(\"Success making login request.\")\n    let body = JSON.parse(loginResp.body);\n    console.log(`loginResp Body: ${body}`);\n    auth = body.result;\n    eventReqBody.auth = auth;\n} else {\n    throw loginResp.statusMessage;\n}\n\n\neventResp = zabbixRequest.write(eventReqBody);\n\nif (eventResp.statusCode >= 200 && eventResp.statusCode < 300) {\n    console.log(\"Acknowledgement success.\");\n} else {\n    throw eventResp.statusMessage;\n}\n",
    "endpointLabel": "Zabbix",
    "allowedEnvironment": "BOTH",
    "accessibleByAll": "NotShared",
    "scriptStepType": "USER",
    "inputs": [
      {
        "id": "0a909c92-dee0-4f41-bf98-9c366738eeb8",
        "name": "Username",
        "helpText": "Username for API user in Zabbix",
        "defaultValue": "",
        "multiline": false,
        "required": true,
        "maxLength": 2000,
        "minLength": 0,
        "position": 0
      },
      {
        "id": "1c1925a0-1f53-49c7-a9f7-530d9e53421f",
        "name": "Password",
        "helpText": "Password for API user in Zabbix",
        "defaultValue": "",
        "multiline": false,
        "required": true,
        "maxLength": 2000,
        "minLength": 0,
        "position": 1
      },
      {
        "id": "20fe3c18-7543-456f-824a-fdf200ccd3f6",
        "name": "Eventids",
        "helpText": "String or List of Zabbix Event IDs",
        "multiline": false,
        "required": true,
        "maxLength": 2000,
        "minLength": 0,
        "position": 2
      },
      {
        "id": "fb0dfd95-ba50-4503-ba09-1fde4b9e24a6",
        "name": "Close Problem",
        "helpText": "Whether to close the problem in Zabbix. Either (true) or (false)",
        "defaultValue": "false",
        "multiline": false,
        "required": true,
        "maxLength": 5,
        "minLength": 4,
        "position": 3
      },
      {
        "id": "5aba5a17-5a66-41bd-97d0-ebe62baa3430",
        "name": "Acknowledge",
        "helpText": "Whether to acknowledge the event or not. Either (true) or (false).",
        "defaultValue": "true",
        "multiline": false,
        "required": true,
        "maxLength": 5,
        "minLength": 4,
        "position": 4
      },
      {
        "id": "c9d4beb6-15b6-4fbb-a2a6-96189da305d0",
        "name": "Message",
        "helpText": "Message to add to event in Zabbix",
        "defaultValue": "",
        "multiline": false,
        "required": false,
        "maxLength": 2000,
        "minLength": 0,
        "position": 5
      },
      {
        "id": "b5f9dfda-3644-46cd-8aea-ae46ca0806cf",
        "name": "Change Severity",
        "helpText": "Only use this field if changing severity. Severity value is 0(not classified)-5(disaster).",
        "defaultValue": "",
        "multiline": false,
        "required": false,
        "maxLength": 2000,
        "minLength": 0,
        "position": 6
      }
    ],
    "outputs": [],
    "libraries": []
  }
]